<application>
  <component name="ProjectManager">
    <defaultProject>
      <component name="GradleLocalSettings">
        <option name="projectSyncType">
          <map>
            <entry key="$USER_HOME$/IdeaProjects/examples/code-examples/spring-boot/validation" value="PREVIEW" />
            <entry key="$USER_HOME$/IdeaProjects/examples/code-examples/tools/jacoco" value="PREVIEW" />
            <entry key="$USER_HOME$/IdeaProjects/examples/junit5-samples-r5.4.1/junit5-jupiter-starter-gradle" value="PREVIEW" />
            <entry key="$USER_HOME$/IdeaProjects/project_pattern" value="PREVIEW" />
            <entry key="$USER_HOME$/IdeaProjects/workshops/xml101" value="PREVIEW" />
            <entry key="$USER_HOME$/tmp/code-examples-master/spring-boot/spring-boot-testing" value="PREVIEW" />
            <entry key="$USER_HOME$/tmp/jacoco" value="PREVIEW" />
          </map>
        </option>
      </component>
      <component name="PropertiesComponent">
        <property name="nodejs_interpreter_path.stuck_in_default_project" value="undefined stuck path" />
        <property name="nodejs_npm_path_reset_for_default_project" value="true" />
        <property name="settings.editor.selected.configurable" value="reference.projectsettings.compiler.javacompiler" />
      </component>
      <component name="masterDetails">
        <states>
          <state key="ProjectJDKs.UI">
            <settings>
              <last-edited>1.8</last-edited>
              <splitter-proportions>
                <option name="proportions">
                  <list>
                    <option value="0.2" />
                  </list>
                </option>
              </splitter-proportions>
            </settings>
          </state>
        </states>
      </component>
    </defaultProject>
  </component>
</application>