<application>
  <component name="GitRememberedInputs">
    <option name="visitedUrls">
      <list>
        <UrlAndUserName>
          <option name="url" value="http://github.com" />
          <option name="userName" value="01pol02" />
        </UrlAndUserName>
        <UrlAndUserName>
          <option name="url" value="http://git.gosuslugi.local" />
          <option name="userName" value="rustam.karimov@rtlabs.ru" />
        </UrlAndUserName>
        <UrlAndUserName>
          <option name="url" value="http://git.gosuslugi.local/smev-ktda/ktda-repository" />
          <option name="userName" value="" />
        </UrlAndUserName>
      </list>
    </option>
    <option name="cloneParentDir" value="$USER_HOME$/IdeaProjects/workshops" />
  </component>
  <component name="Vcs.Log.App.Settings">
    <option name="SHOW_CHANGES_FROM_PARENTS" value="true" />
    <option name="COLUMN_ORDER">
      <list>
        <option value="0" />
        <option value="1" />
        <option value="2" />
        <option value="3" />
      </list>
    </option>
  </component>
  <component name="VcsApplicationSettings">
    <option name="PATCH_STORAGE_LOCATION" value="$USER_HOME$/smev-ktda" />
    <option name="SHOW_LST_WORD_DIFFERENCES" value="false" />
  </component>
</application>