<keymap version="1" name="Default for XWin copy" parent="Default for XWin">
  <action id="CloseAllUnpinnedEditors">
    <keyboard-shortcut first-keystroke="ctrl alt q" />
  </action>
  <action id="NextProjectWindow" />
  <action id="PinActiveTab">
    <keyboard-shortcut first-keystroke="shift ctrl q" />
  </action>
  <action id="PreviousProjectWindow" />
  <action id="Scala.ShowImplicits">
    <keyboard-shortcut first-keystroke="shift ctrl alt equals" />
    <keyboard-shortcut first-keystroke="shift ctrl alt add" />
  </action>
  <action id="UpdateRunningApplication" />
  <action id="android.deploy.ApplyChanges">
    <keyboard-shortcut first-keystroke="ctrl f10" />
  </action>
  <action id="android.deploy.CodeSwap">
    <keyboard-shortcut first-keystroke="ctrl alt f10" />
  </action>
</keymap>